Portal term,AAT ID
do-it-yourself manuals,300026380
自己動手手冊,300026380
doe-het-zelfhandboeken,300026380
manual hágalo usted mismo,300026380
自己動手做手冊,300026380
manuales hágalo usted mismo,300026380
do-it-yourself manual,300026380
zi ji dong shou shou ce,300026380
"manuals, do-it-yourself",300026380
tzu chi tung shou  shou ts'e,300026380
doe-het-zelfhandboek,300026380
zì jǐ dòng shǒu shǒu cè,300026380
e-books,300265554
elektronisches Buch,300265554
e-book,300265554
ebook,300265554
ebooks,300265554
electronic book,300265554
online books,300265554
E-Book,300265554
elektronische Bücher,300265554
on-line books,300265554
E-Books,300265554
"Buch, elektronisches",300265554
eBook,300265554
"Bücher, elektronische",300265554
electronic books,300265554
eBooks,300265554
or,300011021
oro,300011021
goud,300011021
ouro,300011021
Gold,300011021
gold,300011021
guld,300011021
aurum,300011021
Au,300011021
Abhandlung,300026681
verhandelingen,300026681
treatises,300026681
Abhandlungen,300026681
treatise,300026681
verhandeling,300026681
tratados,300026681
tratado,300026681
vertogen,300026681
Report,300027267
relazione,300027267
rapporten,300027267
rapport,300027267
reports,300027267
Berichte,300027267
informe,300027267
rapporto,300027267
Bericht,300027267
compte rendu,300027267
Gutachten,300027267
redogörelse,300027267
returns,300027267
report,300027267
informes,300027267
Reporte,300027267
